{
	"class_name" : "PinholeCameraParameters",
	"extrinsic" : 
	[
		-0.80175120550684809,
		-0.034961980367407032,
		0.5966344478800274,
		0.0,
		0.035651628005881987,
		-0.99930753188711163,
		-0.010649795031813639,
		0.0,
		0.59659363547463884,
		0.012732503386156091,
		0.80244246988097245,
		0.0,
		-0.00059781913081902172,
		-0.0046475163898444995,
		1.2484881533268375,
		1.0
	],
	"intrinsic" : 
	{
		"height" : 849,
		"intrinsic_matrix" : 
		[
			735.25556781298849,
			0.0,
			0.0,
			0.0,
			735.25556781298849,
			0.0,
			919.5,
			424.0,
			1.0
		],
		"width" : 1840
	},
	"version_major" : 1,
	"version_minor" : 0
}